loss,accuracy
0.75625736,0.3
0.72779226,0.3
0.6958386,0.3
0.65647376,0.25
0.6179875,0.25
0.6131933,0.3
0.6021809,0.3
0.59441155,0.3
0.5815888,0.3
0.57484305,0.3
